<BackupInst xmlns="http://www.microsoft.com/GroupPolicy/GPOOperations/Manifest"><GPOGuid><![CDATA[{31B2F340-016D-11D2-945F-00C04FB984F9}]]></GPOGuid><GPODomain><![CDATA[acme.fr]]></GPODomain><GPODomainGuid><![CDATA[{ef4c56f0-364f-4ebf-a132-4740999b2585}]]></GPODomainGuid><GPODomainController><![CDATA[SRVDCPAR001.acme.fr]]></GPODomainController><BackupTime><![CDATA[2019-05-23T03:56:14]]></BackupTime><ID><![CDATA[{EC4954C0-9283-4E9D-934E-501716CE56B1}]]></ID><Comment><![CDATA[gpo_p5_kante]]></Comment><GPODisplayName><![CDATA[Default Domain Policy]]></GPODisplayName></BackupInst>
