<BackupInst xmlns="http://www.microsoft.com/GroupPolicy/GPOOperations/Manifest"><GPOGuid><![CDATA[{6AC1786C-016F-11D2-945F-00C04fB984F9}]]></GPOGuid><GPODomain><![CDATA[acme.fr]]></GPODomain><GPODomainGuid><![CDATA[{ef4c56f0-364f-4ebf-a132-4740999b2585}]]></GPODomainGuid><GPODomainController><![CDATA[SRVDCPAR001.acme.fr]]></GPODomainController><BackupTime><![CDATA[2019-05-23T03:56:10]]></BackupTime><ID><![CDATA[{852FCA39-BA13-45F5-AB5E-406D5E459724}]]></ID><Comment><![CDATA[gpo_p5_kante]]></Comment><GPODisplayName><![CDATA[Default Domain Controllers Policy]]></GPODisplayName></BackupInst>
