<?xml version="1.0" encoding="utf-8"?><!-- Copyright (c) Microsoft Corporation.  All rights reserved. --><GroupPolicyBackupScheme bkp:version="2.0" bkp:type="GroupPolicyBackupTemplate" xmlns:bkp="http://www.microsoft.com/GroupPolicy/GPOOperations" xmlns="http://www.microsoft.com/GroupPolicy/GPOOperations">
    <GroupPolicyObject><SecurityGroups><Group bkp:Source="FromDACL"><Sid><![CDATA[S-1-5-21-2697301197-483350202-4081833997-519]]></Sid><SamAccountName><![CDATA[Administrateurs de l’entreprise]]></SamAccountName><Type><![CDATA[UniversalGroup]]></Type><NetBIOSDomainName><![CDATA[ACME]]></NetBIOSDomainName><DnsDomainName><![CDATA[acme.fr]]></DnsDomainName><UPN><![CDATA[Administrateurs de l’entreprise@acme.fr]]></UPN></Group><Group bkp:Source="FromDACL"><Sid><![CDATA[S-1-5-21-2697301197-483350202-4081833997-512]]></Sid><SamAccountName><![CDATA[Admins du domaine]]></SamAccountName><Type><![CDATA[GlobalGroup]]></Type><NetBIOSDomainName><![CDATA[ACME]]></NetBIOSDomainName><DnsDomainName><![CDATA[acme.fr]]></DnsDomainName><UPN><![CDATA[Admins du domaine@acme.fr]]></UPN></Group></SecurityGroups><FilePaths/><GroupPolicyCoreSettings><ID><![CDATA[{4408FC9F-5D30-4A56-B2CE-518450C876F6}]]></ID><Domain><![CDATA[acme.fr]]></Domain><SecurityDescriptor>01 00 04 9c 00 00 00 00 00 00 00 00 00 00 00 00 14 00 00 00 04 00 ec 00 08 00 00 00 05 02 28 00 00 01 00 00 01 00 00 00 8f fd ac ed b3 ff d1 11 b4 1d 00 a0 c9 68 f9 39 01 01 00 00 00 00 00 05 0b 00 00 00 00 00 24 00 ff 00 0f 00 01 05 00 00 00 00 00 05 15 00 00 00 cd 8c c5 a0 ba 56 cf 1c 0d d8 4b f3 00 02 00 00 00 02 24 00 ff 00 0f 00 01 05 00 00 00 00 00 05 15 00 00 00 cd 8c c5 a0 ba 56 cf 1c 0d d8 4b f3 00 02 00 00 00 02 24 00 ff 00 0f 00 01 05 00 00 00 00 00 05 15 00 00 00 cd 8c c5 a0 ba 56 cf 1c 0d d8 4b f3 07 02 00 00 00 02 14 00 94 00 02 00 01 01 00 00 00 00 00 05 09 00 00 00 00 02 14 00 94 00 02 00 01 01 00 00 00 00 00 05 0b 00 00 00 00 02 14 00 ff 00 0f 00 01 01 00 00 00 00 00 05 12 00 00 00 00 0a 14 00 ff 00 0f 00 01 01 00 00 00 00 00 03 00 00 00 00</SecurityDescriptor><DisplayName><![CDATA[GPO_Scriptsav]]></DisplayName><Options><![CDATA[0]]></Options><UserVersionNumber><![CDATA[131074]]></UserVersionNumber><MachineVersionNumber><![CDATA[262148]]></MachineVersionNumber><MachineExtensionGuids><![CDATA[ ]]></MachineExtensionGuids><UserExtensionGuids><![CDATA[[{42B5FAAE-6536-11D2-AE5A-0000F87571E3}{40B66650-4972-11D1-A7CA-0000F87571E3}]]]></UserExtensionGuids><WMIFilter/></GroupPolicyCoreSettings> 
        <GroupPolicyExtension bkp:ID="{35378EAC-683F-11D2-A89A-00C04FBBCFA2}" bkp:DescName="Registry">
            
            
            <FSObjectFile bkp:Path="%GPO_FSPATH%\Adm\*.*" bkp:SourceExpandedPath="\\SRVDCPAR001.acme.fr\sysvol\acme.fr\Policies\{4408FC9F-5D30-4A56-B2CE-518450C876F6}\Adm\*.*"/>
        </GroupPolicyExtension>
        
        
        <GroupPolicyExtension bkp:ID="{42B5FAAE-6536-11d2-AE5A-0000F87571E3}" bkp:DescName="Scripts">
            <FSObjectFile bkp:Path="%GPO_MACH_FSPATH%\Scripts\scripts.ini" bkp:SourceExpandedPath="\\SRVDCPAR001.acme.fr\sysvol\acme.fr\Policies\{4408FC9F-5D30-4A56-B2CE-518450C876F6}\Machine\Scripts\scripts.ini" bkp:ReEvaluateFunction="ScriptsValidatePaths" bkp:Location="DomainSysvol\GPO\Machine\Scripts\scripts.ini"/>
	    <FSObjectFile bkp:Path="%GPO_MACH_FSPATH%\Scripts\PSscripts.ini" bkp:SourceExpandedPath="\\SRVDCPAR001.acme.fr\sysvol\acme.fr\Policies\{4408FC9F-5D30-4A56-B2CE-518450C876F6}\Machine\Scripts\PSscripts.ini" bkp:Location="DomainSysvol\GPO\Machine\Scripts\PSscripts.ini"/>
            <FSObjectDir bkp:Path="%GPO_MACH_FSPATH%\Scripts\Startup\*" bkp:SourceExpandedPath="\\SRVDCPAR001.acme.fr\sysvol\acme.fr\Policies\{4408FC9F-5D30-4A56-B2CE-518450C876F6}\Machine\Scripts\Startup\*"><FSObjectDir bkp:Path="%GPO_MACH_FSPATH%\Scripts\Startup" bkp:SourceExpandedPath="\\SRVDCPAR001.acme.fr\sysvol\acme.fr\Policies\{4408FC9F-5D30-4A56-B2CE-518450C876F6}\Machine\Scripts\Startup" bkp:Location="DomainSysvol\GPO\Machine\Scripts\Startup"/></FSObjectDir>
            <FSObjectFile bkp:Path="%GPO_MACH_FSPATH%\Scripts\Startup\*" bkp:SourceExpandedPath="\\SRVDCPAR001.acme.fr\sysvol\acme.fr\Policies\{4408FC9F-5D30-4A56-B2CE-518450C876F6}\Machine\Scripts\Startup\*"/>
            <FSObjectDir bkp:Path="%GPO_MACH_FSPATH%\Scripts\Shutdown\*" bkp:SourceExpandedPath="\\SRVDCPAR001.acme.fr\sysvol\acme.fr\Policies\{4408FC9F-5D30-4A56-B2CE-518450C876F6}\Machine\Scripts\Shutdown\*"><FSObjectDir bkp:Path="%GPO_MACH_FSPATH%\Scripts\Shutdown" bkp:SourceExpandedPath="\\SRVDCPAR001.acme.fr\sysvol\acme.fr\Policies\{4408FC9F-5D30-4A56-B2CE-518450C876F6}\Machine\Scripts\Shutdown" bkp:Location="DomainSysvol\GPO\Machine\Scripts\Shutdown"/></FSObjectDir>
            <FSObjectFile bkp:Path="%GPO_MACH_FSPATH%\Scripts\Shutdown\*" bkp:SourceExpandedPath="\\SRVDCPAR001.acme.fr\sysvol\acme.fr\Policies\{4408FC9F-5D30-4A56-B2CE-518450C876F6}\Machine\Scripts\Shutdown\*"/>
            <FSObjectFile bkp:Path="%GPO_USER_FSPATH%\Scripts\scripts.ini" bkp:SourceExpandedPath="\\SRVDCPAR001.acme.fr\sysvol\acme.fr\Policies\{4408FC9F-5D30-4A56-B2CE-518450C876F6}\User\Scripts\scripts.ini" bkp:ReEvaluateFunction="ScriptsValidatePaths" bkp:Location="DomainSysvol\GPO\User\Scripts\scripts.ini"/>
	    <FSObjectFile bkp:Path="%GPO_USER_FSPATH%\Scripts\PSscripts.ini" bkp:SourceExpandedPath="\\SRVDCPAR001.acme.fr\sysvol\acme.fr\Policies\{4408FC9F-5D30-4A56-B2CE-518450C876F6}\User\Scripts\PSscripts.ini" bkp:Location="DomainSysvol\GPO\User\Scripts\PSscripts.ini"/>
            <FSObjectDir bkp:Path="%GPO_USER_FSPATH%\Scripts\Logon\*" bkp:SourceExpandedPath="\\SRVDCPAR001.acme.fr\sysvol\acme.fr\Policies\{4408FC9F-5D30-4A56-B2CE-518450C876F6}\User\Scripts\Logon\*"><FSObjectDir bkp:Path="%GPO_USER_FSPATH%\Scripts\Logon" bkp:SourceExpandedPath="\\SRVDCPAR001.acme.fr\sysvol\acme.fr\Policies\{4408FC9F-5D30-4A56-B2CE-518450C876F6}\User\Scripts\Logon" bkp:Location="DomainSysvol\GPO\User\Scripts\Logon"/></FSObjectDir>
            <FSObjectFile bkp:Path="%GPO_USER_FSPATH%\Scripts\Logon\*" bkp:SourceExpandedPath="\\SRVDCPAR001.acme.fr\sysvol\acme.fr\Policies\{4408FC9F-5D30-4A56-B2CE-518450C876F6}\User\Scripts\Logon\*"/>
            <FSObjectDir bkp:Path="%GPO_USER_FSPATH%\Scripts\Logoff\*" bkp:SourceExpandedPath="\\SRVDCPAR001.acme.fr\sysvol\acme.fr\Policies\{4408FC9F-5D30-4A56-B2CE-518450C876F6}\User\Scripts\Logoff\*"><FSObjectDir bkp:Path="%GPO_USER_FSPATH%\Scripts\Logoff" bkp:SourceExpandedPath="\\SRVDCPAR001.acme.fr\sysvol\acme.fr\Policies\{4408FC9F-5D30-4A56-B2CE-518450C876F6}\User\Scripts\Logoff" bkp:Location="DomainSysvol\GPO\User\Scripts\Logoff"/></FSObjectDir>
            <FSObjectFile bkp:Path="%GPO_USER_FSPATH%\Scripts\Logoff\*" bkp:SourceExpandedPath="\\SRVDCPAR001.acme.fr\sysvol\acme.fr\Policies\{4408FC9F-5D30-4A56-B2CE-518450C876F6}\User\Scripts\Logoff\*"/>
        </GroupPolicyExtension>
        
        
        
        
        
        
    <GroupPolicyExtension bkp:ID="{F15C46CD-82A0-4C2D-A210-5D0D3182A418}" bkp:DescName="Unknown Extension"><FSObjectDir bkp:Path="%GPO_MACH_FSPATH%\Scripts" bkp:SourceExpandedPath="\\SRVDCPAR001.acme.fr\sysvol\acme.fr\Policies\{4408FC9F-5D30-4A56-B2CE-518450C876F6}\Machine\Scripts" bkp:Location="DomainSysvol\GPO\Machine\Scripts"/><FSObjectDir bkp:Path="%GPO_USER_FSPATH%\Documents &amp; Settings" bkp:SourceExpandedPath="\\SRVDCPAR001.acme.fr\sysvol\acme.fr\Policies\{4408FC9F-5D30-4A56-B2CE-518450C876F6}\User\Documents &amp; Settings" bkp:Location="DomainSysvol\GPO\User\Documents &amp; Settings"/><FSObjectDir bkp:Path="%GPO_USER_FSPATH%\Scripts" bkp:SourceExpandedPath="\\SRVDCPAR001.acme.fr\sysvol\acme.fr\Policies\{4408FC9F-5D30-4A56-B2CE-518450C876F6}\User\Scripts" bkp:Location="DomainSysvol\GPO\User\Scripts"/></GroupPolicyExtension></GroupPolicyObject>
</GroupPolicyBackupScheme>