<BackupInst xmlns="http://www.microsoft.com/GroupPolicy/GPOOperations/Manifest"><GPOGuid><![CDATA[{4408FC9F-5D30-4A56-B2CE-518450C876F6}]]></GPOGuid><GPODomain><![CDATA[acme.fr]]></GPODomain><GPODomainGuid><![CDATA[{ef4c56f0-364f-4ebf-a132-4740999b2585}]]></GPODomainGuid><GPODomainController><![CDATA[SRVDCPAR001.acme.fr]]></GPODomainController><BackupTime><![CDATA[2019-05-23T03:56:19]]></BackupTime><ID><![CDATA[{79693759-8085-4670-AB78-6E8C38BAA47A}]]></ID><Comment><![CDATA[gpo_p5_kante]]></Comment><GPODisplayName><![CDATA[GPO_Scriptsav]]></GPODisplayName></BackupInst>
