<BackupInst xmlns="http://www.microsoft.com/GroupPolicy/GPOOperations/Manifest"><GPOGuid><![CDATA[{4D61A645-7F05-4764-B7EA-9CD68B00C967}]]></GPOGuid><GPODomain><![CDATA[acme.fr]]></GPODomain><GPODomainGuid><![CDATA[{ef4c56f0-364f-4ebf-a132-4740999b2585}]]></GPODomainGuid><GPODomainController><![CDATA[SRVDCPAR001.acme.fr]]></GPODomainController><BackupTime><![CDATA[2019-05-23T03:56:16]]></BackupTime><ID><![CDATA[{C6CB17BF-6DF5-43B8-8842-C269474B77D6}]]></ID><Comment><![CDATA[gpo_p5_kante]]></Comment><GPODisplayName><![CDATA[GPO_exepolicy]]></GPODisplayName></BackupInst>
