<?xml version="1.0" encoding="utf-8"?><!-- Copyright (c) Microsoft Corporation.  All rights reserved. --><GroupPolicyBackupScheme bkp:version="2.0" bkp:type="GroupPolicyBackupTemplate" xmlns:bkp="http://www.microsoft.com/GroupPolicy/GPOOperations" xmlns="http://www.microsoft.com/GroupPolicy/GPOOperations">
    <GroupPolicyObject><SecurityGroups><Group bkp:Source="FromDACL"><Sid><![CDATA[S-1-5-21-2697301197-483350202-4081833997-519]]></Sid><SamAccountName><![CDATA[Administrateurs de l’entreprise]]></SamAccountName><Type><![CDATA[UniversalGroup]]></Type><NetBIOSDomainName><![CDATA[ACME]]></NetBIOSDomainName><DnsDomainName><![CDATA[acme.fr]]></DnsDomainName><UPN><![CDATA[Administrateurs de l’entreprise@acme.fr]]></UPN></Group><Group bkp:Source="FromDACL"><Sid><![CDATA[S-1-5-21-2697301197-483350202-4081833997-512]]></Sid><SamAccountName><![CDATA[Admins du domaine]]></SamAccountName><Type><![CDATA[GlobalGroup]]></Type><NetBIOSDomainName><![CDATA[ACME]]></NetBIOSDomainName><DnsDomainName><![CDATA[acme.fr]]></DnsDomainName><UPN><![CDATA[Admins du domaine@acme.fr]]></UPN></Group><Group bkp:Source="FromDACL"><Sid><![CDATA[S-1-5-21-2697301197-483350202-4081833997-1111]]></Sid><SamAccountName><![CDATA[Stagiaire]]></SamAccountName><Type><![CDATA[LocalGroup]]></Type><NetBIOSDomainName><![CDATA[ACME]]></NetBIOSDomainName><DnsDomainName><![CDATA[acme.fr]]></DnsDomainName><UPN><![CDATA[Stagiaire@acme.fr]]></UPN></Group><Group bkp:Source="FromDACL"><Sid><![CDATA[S-1-5-21-2697301197-483350202-4081833997-1116]]></Sid><SamAccountName><![CDATA[DESKTOP-97LEEKT$]]></SamAccountName><Type><![CDATA[Computer]]></Type><NetBIOSDomainName><![CDATA[ACME]]></NetBIOSDomainName><DnsDomainName><![CDATA[acme.fr]]></DnsDomainName><UPN><![CDATA[DESKTOP-97LEEKT$@acme.fr]]></UPN></Group></SecurityGroups><FilePaths/><GroupPolicyCoreSettings><ID><![CDATA[{22DBF8E0-5EBD-4CBB-B813-B483CD961D88}]]></ID><Domain><![CDATA[acme.fr]]></Domain><SecurityDescriptor>01 00 04 9c 00 00 00 00 00 00 00 00 00 00 00 00 14 00 00 00 04 00 a4 01 0c 00 00 00 05 02 38 00 00 01 00 00 01 00 00 00 8f fd ac ed b3 ff d1 11 b4 1d 00 a0 c9 68 f9 39 01 05 00 00 00 00 00 05 15 00 00 00 cd 8c c5 a0 ba 56 cf 1c 0d d8 4b f3 57 04 00 00 05 02 38 00 00 01 00 00 01 00 00 00 8f fd ac ed b3 ff d1 11 b4 1d 00 a0 c9 68 f9 39 01 05 00 00 00 00 00 05 15 00 00 00 cd 8c c5 a0 ba 56 cf 1c 0d d8 4b f3 5c 04 00 00 05 02 28 00 00 01 00 00 01 00 00 00 8f fd ac ed b3 ff d1 11 b4 1d 00 a0 c9 68 f9 39 01 01 00 00 00 00 00 05 0b 00 00 00 00 00 24 00 ff 00 0f 00 01 05 00 00 00 00 00 05 15 00 00 00 cd 8c c5 a0 ba 56 cf 1c 0d d8 4b f3 00 02 00 00 00 02 24 00 14 00 02 00 01 05 00 00 00 00 00 05 15 00 00 00 cd 8c c5 a0 ba 56 cf 1c 0d d8 4b f3 57 04 00 00 00 02 24 00 14 00 02 00 01 05 00 00 00 00 00 05 15 00 00 00 cd 8c c5 a0 ba 56 cf 1c 0d d8 4b f3 5c 04 00 00 00 02 24 00 ff 00 0f 00 01 05 00 00 00 00 00 05 15 00 00 00 cd 8c c5 a0 ba 56 cf 1c 0d d8 4b f3 00 02 00 00 00 02 24 00 ff 00 0f 00 01 05 00 00 00 00 00 05 15 00 00 00 cd 8c c5 a0 ba 56 cf 1c 0d d8 4b f3 07 02 00 00 00 02 14 00 94 00 02 00 01 01 00 00 00 00 00 05 09 00 00 00 00 02 14 00 94 00 02 00 01 01 00 00 00 00 00 05 0b 00 00 00 00 02 14 00 ff 00 0f 00 01 01 00 00 00 00 00 05 12 00 00 00 00 0a 14 00 ff 00 0f 00 01 01 00 00 00 00 00 03 00 00 00 00</SecurityDescriptor><DisplayName><![CDATA[GPO_O_bloque_usb]]></DisplayName><Options><![CDATA[0]]></Options><UserVersionNumber><![CDATA[524296]]></UserVersionNumber><MachineVersionNumber><![CDATA[720907]]></MachineVersionNumber><MachineExtensionGuids><![CDATA[[{35378EAC-683F-11D2-A89A-00C04FBBCFA2}{D02B1F72-3407-48AE-BA88-E8213C6761F1}]]]></MachineExtensionGuids><UserExtensionGuids><![CDATA[[{35378EAC-683F-11D2-A89A-00C04FBBCFA2}{D02B1F73-3407-48AE-BA88-E8213C6761F1}]]]></UserExtensionGuids><WMIFilter/></GroupPolicyCoreSettings> 
        <GroupPolicyExtension bkp:ID="{35378EAC-683F-11D2-A89A-00C04FBBCFA2}" bkp:DescName="Registry">
            <FSObjectFile bkp:Path="%GPO_MACH_FSPATH%\registry.pol" bkp:SourceExpandedPath="\\SRVDCPAR001.acme.fr\sysvol\acme.fr\Policies\{22DBF8E0-5EBD-4CBB-B813-B483CD961D88}\Machine\registry.pol" bkp:Location="DomainSysvol\GPO\Machine\registry.pol"/>
            <FSObjectFile bkp:Path="%GPO_USER_FSPATH%\registry.pol" bkp:SourceExpandedPath="\\SRVDCPAR001.acme.fr\sysvol\acme.fr\Policies\{22DBF8E0-5EBD-4CBB-B813-B483CD961D88}\User\registry.pol" bkp:Location="DomainSysvol\GPO\User\registry.pol"/>
            <FSObjectFile bkp:Path="%GPO_FSPATH%\Adm\*.*" bkp:SourceExpandedPath="\\SRVDCPAR001.acme.fr\sysvol\acme.fr\Policies\{22DBF8E0-5EBD-4CBB-B813-B483CD961D88}\Adm\*.*"/>
        </GroupPolicyExtension>
        
        
        
        
        
        
        
        
        
    <GroupPolicyExtension bkp:ID="{F15C46CD-82A0-4C2D-A210-5D0D3182A418}" bkp:DescName="Unknown Extension"><FSObjectDir bkp:Path="%GPO_MACH_FSPATH%\Applications" bkp:SourceExpandedPath="\\SRVDCPAR001.acme.fr\sysvol\acme.fr\Policies\{22DBF8E0-5EBD-4CBB-B813-B483CD961D88}\Machine\Applications" bkp:Location="DomainSysvol\GPO\Machine\Applications"/><FSObjectFile bkp:Path="%GPO_MACH_FSPATH%\comment.cmtx" bkp:SourceExpandedPath="\\SRVDCPAR001.acme.fr\sysvol\acme.fr\Policies\{22DBF8E0-5EBD-4CBB-B813-B483CD961D88}\Machine\comment.cmtx" bkp:Location="DomainSysvol\GPO\Machine\comment.cmtx"/><FSObjectDir bkp:Path="%GPO_MACH_FSPATH%\Microsoft" bkp:SourceExpandedPath="\\SRVDCPAR001.acme.fr\sysvol\acme.fr\Policies\{22DBF8E0-5EBD-4CBB-B813-B483CD961D88}\Machine\Microsoft" bkp:Location="DomainSysvol\GPO\Machine\Microsoft"/><FSObjectDir bkp:Path="%GPO_MACH_FSPATH%\Microsoft\Windows NT" bkp:SourceExpandedPath="\\SRVDCPAR001.acme.fr\sysvol\acme.fr\Policies\{22DBF8E0-5EBD-4CBB-B813-B483CD961D88}\Machine\Microsoft\Windows NT" bkp:Location="DomainSysvol\GPO\Machine\Microsoft\Windows NT"/><FSObjectDir bkp:Path="%GPO_MACH_FSPATH%\Microsoft\Windows NT\SecEdit" bkp:SourceExpandedPath="\\SRVDCPAR001.acme.fr\sysvol\acme.fr\Policies\{22DBF8E0-5EBD-4CBB-B813-B483CD961D88}\Machine\Microsoft\Windows NT\SecEdit" bkp:Location="DomainSysvol\GPO\Machine\Microsoft\Windows NT\SecEdit"/><FSObjectFile bkp:Path="%GPO_MACH_FSPATH%\Microsoft\Windows NT\SecEdit\GptTmpl.inf" bkp:SourceExpandedPath="\\SRVDCPAR001.acme.fr\sysvol\acme.fr\Policies\{22DBF8E0-5EBD-4CBB-B813-B483CD961D88}\Machine\Microsoft\Windows NT\SecEdit\GptTmpl.inf" bkp:Location="DomainSysvol\GPO\Machine\Microsoft\Windows NT\SecEdit\GptTmpl.inf"/><FSObjectDir bkp:Path="%GPO_MACH_FSPATH%\Scripts" bkp:SourceExpandedPath="\\SRVDCPAR001.acme.fr\sysvol\acme.fr\Policies\{22DBF8E0-5EBD-4CBB-B813-B483CD961D88}\Machine\Scripts" bkp:Location="DomainSysvol\GPO\Machine\Scripts"/><FSObjectDir bkp:Path="%GPO_MACH_FSPATH%\Scripts\Shutdown" bkp:SourceExpandedPath="\\SRVDCPAR001.acme.fr\sysvol\acme.fr\Policies\{22DBF8E0-5EBD-4CBB-B813-B483CD961D88}\Machine\Scripts\Shutdown" bkp:Location="DomainSysvol\GPO\Machine\Scripts\Shutdown"/><FSObjectDir bkp:Path="%GPO_MACH_FSPATH%\Scripts\Startup" bkp:SourceExpandedPath="\\SRVDCPAR001.acme.fr\sysvol\acme.fr\Policies\{22DBF8E0-5EBD-4CBB-B813-B483CD961D88}\Machine\Scripts\Startup" bkp:Location="DomainSysvol\GPO\Machine\Scripts\Startup"/><FSObjectFile bkp:Path="%GPO_USER_FSPATH%\comment.cmtx" bkp:SourceExpandedPath="\\SRVDCPAR001.acme.fr\sysvol\acme.fr\Policies\{22DBF8E0-5EBD-4CBB-B813-B483CD961D88}\User\comment.cmtx" bkp:Location="DomainSysvol\GPO\User\comment.cmtx"/></GroupPolicyExtension></GroupPolicyObject>
</GroupPolicyBackupScheme>