<BackupInst xmlns="http://www.microsoft.com/GroupPolicy/GPOOperations/Manifest"><GPOGuid><![CDATA[{22DBF8E0-5EBD-4CBB-B813-B483CD961D88}]]></GPOGuid><GPODomain><![CDATA[acme.fr]]></GPODomain><GPODomainGuid><![CDATA[{ef4c56f0-364f-4ebf-a132-4740999b2585}]]></GPODomainGuid><GPODomainController><![CDATA[SRVDCPAR001.acme.fr]]></GPODomainController><BackupTime><![CDATA[2019-05-23T03:56:18]]></BackupTime><ID><![CDATA[{4CED5BAA-804C-499C-8AED-50A789C0D55D}]]></ID><Comment><![CDATA[gpo_p5_kante]]></Comment><GPODisplayName><![CDATA[GPO_O_bloque_usb]]></GPODisplayName></BackupInst>
